Symbol,Name,LastSale,MarketCap,ADR TSO,IPOyear,Sector,industry,Summary Quote,,
IMO,Imperial Oil Limited,43,36464000000,n/a,n/a,Energy,Integrated oil Companies,http://www.nasdaq.com/symbol/imo,,$IMO
CEF,Central Fund of Canada Limited,20.57,4901481310,n/a,n/a,n/a,n/a,http://www.nasdaq.com/symbol/cef,,$CEF
NGD,NEW GOLD INC.,9.58,4423086000,n/a,n/a,Basic Industries,Precious Metals,http://www.nasdaq.com/symbol/ngd,,$NGD
BTI,"British American Tobacco  Industries, p.l.c.",97.93,3811827320,n/a,n/a,Consumer Non-Durables,Farming/Seeds/Milling,http://www.nasdaq.com/symbol/bti,,$BTI
EGX,"Engex, Inc.",2.01,3270145380,n/a,n/a,n/a,n/a,http://www.nasdaq.com/symbol/egx,,$EGX
ANV,Allied Nevada Gold Corp,29.29,2633024550,n/a,n/a,Basic Industries,Precious Metals,http://www.nasdaq.com/symbol/anv,,$ANV
SEB,Seaboard Corporation,2094.85,2526389100,n/a,1996,Finance,Investment Bankers/Brokers/Service,http://www.nasdaq.com/symbol/seb,,$SEB
LNG,"Cheniere Energy, Inc.",14.1,2191760400,n/a,n/a,Public Utilities,Oil/Gas Transmission,http://www.nasdaq.com/symbol/lng,,$LNG
FAX,Aberdeen Asia-Pacific Income Fund Inc,7.52,1962539520,n/a,1986,n/a,n/a,http://www.nasdaq.com/symbol/fax,,$FAX
EVV,Eaton Vance Limited Duration Income Fund,15.9,1865769600,n/a,2003,n/a,n/a,http://www.nasdaq.com/symbol/evv,,$EVV
NG,Novagold Resources Inc New,5.99,1673845600,n/a,n/a,Basic Industries,Precious Metals,http://www.nasdaq.com/symbol/ng,,$NG
VHC,VirnetX Holding Corp,32.3,1642874900,n/a,n/a,Miscellaneous,Multi-Sector Companies,http://www.nasdaq.com/symbol/vhc,,$VHC
GORO,Gold Resource Corporation,27.02,1429682240,n/a,n/a,Basic Industries,Precious Metals,http://www.nasdaq.com/symbol/goro,,$GORO
GTE,Gran Tierra Energy Inc.,4.76,1268421000,n/a,n/a,Energy,Oil & Gas Production,http://www.nasdaq.com/symbol/gte,,$GTE
NOG,"Northern Oil and Gas, Inc.",17.61,1118393490,n/a,n/a,Energy,Oil & Gas Production,http://www.nasdaq.com/symbol/nog,,$NOG
GGN,"GAMCO Global Gold, Natural Reources & Income Trust by Gabelli",13.68,1030596480,n/a,2005,n/a,n/a,http://www.nasdaq.com/symbol/ggn,,$GGN
PRK,Park National Corporation,64.99,1001235940,n/a,n/a,Finance,Major Banks,http://www.nasdaq.com/symbol/prk,,$PRK
EIM,Eaton Vance Municipal Bond Fund,13.13,894284300,n/a,2002,n/a,n/a,http://www.nasdaq.com/symbol/eim,,$EIM
MCF,Contango Oil & Gas Company,56.67,870281190,n/a,1990,Energy,Oil & Gas Production,http://www.nasdaq.com/symbol/mcf,,$MCF
FSP,Franklin Street Properties Corp.,10.07,835175590,n/a,n/a,Consumer Services,Real Estate Investment Trusts,http://www.nasdaq.com/symbol/fsp,,
BAA,BANRO CORPORATION,3.98,797993980,n/a,n/a,Basic Industries,Precious Metals,http://www.nasdaq.com/symbol/baa,,
AZK,"Aurizon Mines, Ltd.",4.65,758284800,n/a,n/a,Basic Industries,Precious Metals,http://www.nasdaq.com/symbol/azk,,
RBY,Rubicon Minerals Corp,3.15,749558250,n/a,n/a,Basic Industries,Precious Metals,http://www.nasdaq.com/symbol/rby,,
NSU,Nevsun Resources Ltd,3.74,748953700,n/a,n/a,Basic Industries,Precious Metals,http://www.nasdaq.com/symbol/nsu,,
GTU,Central Gold Trust,62.18,678881240,n/a,n/a,n/a,n/a,http://www.nasdaq.com/symbol/gtu,,
MVF,"MuniVest Fund, Inc.",10.7,674998800,n/a,1993,n/a,n/a,http://www.nasdaq.com/symbol/mvf,,
EAD,Wells Fargo Advantage Income Opportunities Fund,9.53,672055600,n/a,2003,n/a,n/a,http://www.nasdaq.com/symbol/ead,,
CQP,"Cheniere Energy Partners, LP",21.25,664445000,n/a,2007,Public Utilities,Oil/Gas Transmission,http://www.nasdaq.com/symbol/cqp,,
WAC,Walter Investment Management Corp.,22.13,633869590,n/a,1991,Consumer Services,Real Estate Investment Trusts,http://www.nasdaq.com/symbol/wac,,
ERC,Wells Fargo Advantage Multi-Sector Income Fund,14.88,625778400,n/a,2003,n/a,n/a,http://www.nasdaq.com/symbol/erc,,
UTG,Reaves Utility Income Fund,26.5399,610231920.7,n/a,2004,n/a,n/a,http://www.nasdaq.com/symbol/utg,,
PLX,"Protalix BioTherapeutics, Inc.",6.57,603677880,n/a,n/a,Health Care,Biotechnology: Biological Products (No Diagnostic Substances),http://www.nasdaq.com/symbol/plx,,
NHC,National HealthCare Corporation,42.84,599031720,n/a,n/a,Health Care,Hospital/Nursing Management,http://www.nasdaq.com/symbol/nhc,,
NZF,Nuveen Dividend Advantage Municipal Fund 3,14.689,593318088,n/a,2007,n/a,n/a,http://www.nasdaq.com/symbol/nzf,,
GRC,Gorman-Rupp Company (The),28.23,592575930,n/a,n/a,Capital Goods,Fluid Controls,http://www.nasdaq.com/symbol/grc,,
VKI,Invesco Van Kampen Advantage Municipal Income Trust II,12.83,566906380,n/a,n/a,n/a,n/a,http://www.nasdaq.com/symbol/vki,,
DNN,Intl Uranium Corp,1.45,557758450,n/a,n/a,Basic Industries,Precious Metals,http://www.nasdaq.com/symbol/dnn,,
TGB,Taseko Mines Limited,2.8,550214000,n/a,n/a,Basic Industries,Precious Metals,http://www.nasdaq.com/symbol/tgb,,
GLO,Clough Global Opportunities Fund,10.46,541169020,n/a,1988,n/a,n/a,http://www.nasdaq.com/symbol/glo,,
PDC,Pioneer Drilling Co,7.49,463481200,n/a,1991,Energy,Oil & Gas Production,http://www.nasdaq.com/symbol/pdc,,
CET,Central Securities Corporation,19.9578,459129189,n/a,n/a,n/a,n/a,http://www.nasdaq.com/symbol/cet,,
MVG,Mag Silver Corporation,8.15,453686050,n/a,n/a,Basic Industries,Precious Metals,http://www.nasdaq.com/symbol/mvg,,
NVG,Nuveen Dividend Advantage Municipal Income Fund,15.06,448833180,n/a,2002,n/a,n/a,http://www.nasdaq.com/symbol/nvg,,
TMP,Tompkins Financial Corporation,36.25,442830000,n/a,n/a,Finance,Major Banks,http://www.nasdaq.com/symbol/tmp,,
NXZ,Nuveen Dividend Advantage Municipal Fund 2,15,441930000,n/a,2001,n/a,n/a,http://www.nasdaq.com/symbol/nxz,,
VTG,Vantage Drilling Company,1.46,426150640,n/a,n/a,Energy,Oil & Gas Production,http://www.nasdaq.com/symbol/vtg,,
TRX,Tanzanian Royalty Exploration Corporation,4.11,411090420,n/a,2005,Basic Industries,Precious Metals,http://www.nasdaq.com/symbol/trx,,
FEN,First Trust Energy Income and Growth Fund,29.02,409472200,n/a,2004,n/a,n/a,http://www.nasdaq.com/symbol/fen,,
RTK,"Rentech, Inc.",1.72,392875520,n/a,1991,Basic Industries,Agricultural Chemicals,http://www.nasdaq.com/symbol/rtk,,
LSG,Lake Shore Gold Corp,0.95,380161500,n/a,n/a,n/a,n/a,http://www.nasdaq.com/symbol/lsg,,
BLE,BlackRock Municipal Income Trust II,15.77,368655290,n/a,1992,n/a,n/a,http://www.nasdaq.com/symbol/ble,,
FTF,Franklin Templeton Limited Duration Income Trust,13.61,364571070,n/a,2003,n/a,n/a,http://www.nasdaq.com/symbol/ftf,,
TAT,Transatlantic Petroleum Ltd,0.99,362868660,n/a,n/a,Energy,Oil & Gas Production,http://www.nasdaq.com/symbol/tat,,
NMZ,Nuveen Municipal High Income Opportunity Fund,13,362336000,n/a,2003,n/a,n/a,http://www.nasdaq.com/symbol/nmz,,
PAL,"North American Palladium, Ltd.",2.22,361529220,n/a,2000,Basic Industries,Precious Metals,http://www.nasdaq.com/symbol/pal,,
BQY,S&P Quality Rankings Glbl Equ Mngd Tr,11.99,356894340,n/a,2004,n/a,n/a,http://www.nasdaq.com/symbol/bqy,,
PZG,Paramount Gold and Silver Corp.,2.37,349307190,n/a,n/a,Basic Industries,Precious Metals,http://www.nasdaq.com/symbol/pzg,,
WSO/B,"Watsco, Inc.",72.9,343286100,n/a,n/a,Consumer Durables,Industrial Machinery/Components,http://www.nasdaq.com/symbol/wso/b,,
NEA,Nuveen AMT-Free Municipal Income Fund,14.81,329389210,n/a,2002,n/a,n/a,http://www.nasdaq.com/symbol/nea,,
NZH,Nuveen California Dividend Advantage Municipal Fund 3,13.6,328290400,n/a,n/a,n/a,n/a,http://www.nasdaq.com/symbol/nzh,,
MDM,Mountain Province Diamonds Inc.,4.01,323390460,n/a,n/a,Basic Industries,Precious Metals,http://www.nasdaq.com/symbol/mdm,,
LBY,"Libbey, Inc.",15.03,308415600,n/a,1993,Capital Goods,Industrial Machinery/Components,http://www.nasdaq.com/symbol/lby,,
GMO,"General Moly, Inc",3.38,308326980,n/a,n/a,Basic Industries,Precious Metals,http://www.nasdaq.com/symbol/gmo,,
NAVB,"Navidea Biopharmaceuticals, Inc.",3.16,304946320,n/a,n/a,Health Care,Biotechnology: In Vitro & In Vivo Diagnostic Substances,http://www.nasdaq.com/symbol/navb,,
NBH,Neuberger Berman Intermediate Municipal Fund Inc.,16.24,303298240,n/a,2002,n/a,n/a,http://www.nasdaq.com/symbol/nbh,,
JRS,Nuveen Real Estate Fund,10.5,300457500,n/a,2001,n/a,n/a,http://www.nasdaq.com/symbol/jrs,,
GBG,"Great Basin Gold, Ltd.",0.63,299710530,n/a,n/a,Basic Industries,Precious Metals,http://www.nasdaq.com/symbol/gbg,,
AXU,Alexco Resource Corp,4.9,293696200,n/a,n/a,Basic Industries,Precious Metals,http://www.nasdaq.com/symbol/axu,,
GSS,"Golden Star Resources, Ltd",1.09,282159580,n/a,n/a,Basic Industries,Precious Metals,http://www.nasdaq.com/symbol/gss,,
UAMY,United States Antimony Corporation,4.52,274834080,n/a,n/a,Capital Goods,Metal Fabrications,http://www.nasdaq.com/symbol/uamy,,
PBTH,"PROLOR Biotech, Inc.",4.88,270439840,n/a,n/a,Consumer Durables,Major Pharmaceuticals,http://www.nasdaq.com/symbol/pbth,,
LTS,Ladenburg Thalmann Financial Services Inc,1.47,270365340,n/a,n/a,Finance,Investment Bankers/Brokers/Service,http://www.nasdaq.com/symbol/lts,,
EVM,Eaton Vance California Municipal Bond Fund,12.17,264660990,n/a,2002,n/a,n/a,http://www.nasdaq.com/symbol/evm,,
GRZ,Gold Reserve Inc,4.3,256907800,n/a,n/a,Basic Industries,Precious Metals,http://www.nasdaq.com/symbol/grz,,
GPL,Great Panther Silver Limited,1.86,255798360,n/a,n/a,Basic Industries,Precious Metals,http://www.nasdaq.com/symbol/gpl,,
AZC,Augusta Resource Corporation,1.77,253393200,n/a,n/a,Basic Industries,Precious Metals,http://www.nasdaq.com/symbol/azc,,
KGN,Keegan Resources Inc,3.28,246997120,n/a,n/a,Basic Industries,Mining & Quarrying of Nonmetallic Minerals (No Fuels),http://www.nasdaq.com/symbol/kgn,,
NRO,"Neuberger Berman Real Estate Securities Income Fund, Inc.",4.2,246640800,n/a,2003,n/a,n/a,http://www.nasdaq.com/symbol/nro,,
XG,Extorre Gold Mines Ltd.,2.66,246228220,n/a,n/a,Basic Industries,Precious Metals,http://www.nasdaq.com/symbol/xg,,
TGD,Timmons Gold Corp,1.7,238494700,n/a,n/a,Basic Industries,Precious Metals,http://www.nasdaq.com/symbol/tgd,,
YMI,"YM BioSciences, Inc.",2,233364000,n/a,n/a,Consumer Durables,Major Pharmaceuticals,http://www.nasdaq.com/symbol/ymi,,
BKR,Baker (Michael) Corporation,24.12,231913800,n/a,n/a,Consumer Services,Other Consumer Services,http://www.nasdaq.com/symbol/bkr,,
THM,International Tower Hill Mines Ltd,2.67,231446280,n/a,1984,Basic Industries,Precious Metals,http://www.nasdaq.com/symbol/thm,,
NAK,"Northern Dynasty Minerals, Ltd.",2.41,228899390,n/a,n/a,Basic Industries,Precious Metals,http://www.nasdaq.com/symbol/nak,,
TPLM,Triangle Petroleum Corporation,5.14,227409020,n/a,n/a,Energy,Oil & Gas Production,http://www.nasdaq.com/symbol/tplm,,
LAQ,"Latin America Equity Fund, Inc. (The)",30.5,227194500,n/a,1991,n/a,n/a,http://www.nasdaq.com/symbol/laq,,
EPM,"Evolution Petroleum Corporation, Inc.",8.15,226708550,n/a,n/a,Energy,Oil & Gas Production,http://www.nasdaq.com/symbol/epm,,
DHY,Credit Suisse High Yield Bond Fund,3.01,226436280,n/a,1998,n/a,n/a,http://www.nasdaq.com/symbol/dhy,,
SILU,Sprott Resource Lending Corp.,1.46,225165580,n/a,n/a,Finance,Commercial Banks,http://www.nasdaq.com/symbol/silu,,
NVX,Nuveen California Dividend Advantage Municipal Fund 2,15.23,224596810,n/a,2001,n/a,n/a,http://www.nasdaq.com/symbol/nvx,,
IAF,Aberdeen Australia Equity Fund Inc,9.9089,223683508.6,n/a,1985,n/a,n/a,http://www.nasdaq.com/symbol/iaf,,
ENX,Eaton Vance New York Municipal Bond Fund,14.07,223304970,n/a,2002,n/a,n/a,http://www.nasdaq.com/symbol/enx,,
BTX,"BioTime, Inc.",4.27,214960340,n/a,n/a,Health Care,Biotechnology: Biological Products (No Diagnostic Substances),http://www.nasdaq.com/symbol/btx,,
DMF,"Dreyfus Municipal Income, Inc.",10.33,213045920,n/a,1988,n/a,n/a,http://www.nasdaq.com/symbol/dmf,,
GLQ,Clough Global Equity Fund,11.8,210523800,n/a,2005,n/a,n/a,http://www.nasdaq.com/symbol/glq,,
VGZ,Vista Gold Corporation,2.95,210060650,n/a,n/a,Basic Industries,Precious Metals,http://www.nasdaq.com/symbol/vgz,,
AGX,"Argan, Inc.",14.91,203640780,n/a,n/a,Basic Industries,Engineering & Construction,http://www.nasdaq.com/symbol/agx,,
PTX,"Pernix Therapeutics Holdings, Inc.",6.99,203185320,n/a,1993,Consumer Durables,Major Pharmaceuticals,http://www.nasdaq.com/symbol/ptx,,
ETAK,Elephant Talk Communications Inc,1.78,202895080,n/a,n/a,Public Utilities,Telecommunications Equipment,http://www.nasdaq.com/symbol/etak,,
REE,Rare Element Resources Ltd.,4.37,193918750,n/a,1992,Basic Industries,Precious Metals,http://www.nasdaq.com/symbol/ree,,
VKL,Invesco Van Kampen Select Sector Municipal Trust,12.68,192621880,n/a,1993,n/a,n/a,http://www.nasdaq.com/symbol/vkl,,
CFD,Nuveen Diversified Commodity Fund,20.49,188897310,n/a,1998,Finance,Investment Bankers/Brokers/Service,http://www.nasdaq.com/symbol/cfd,,
RIC,"Richmont Mines, Inc.",5.69,188395900,n/a,n/a,Basic Industries,Precious Metals,http://www.nasdaq.com/symbol/ric,,
AXX,Alderon Iron Ore Corp.,2.2,186379600,n/a,n/a,Basic Industries,Precious Metals,http://www.nasdaq.com/symbol/axx,,
CIK,"Credit Suisse Asset Management Income Fund, Inc.",3.68,184172960,n/a,n/a,n/a,n/a,http://www.nasdaq.com/symbol/cik,,
GHM,Graham Corporation,18.3,182103300,n/a,n/a,Technology,Industrial Machinery/Components,http://www.nasdaq.com/symbol/ghm,,
BRD,Apollo Gold Corporation,0.88,177336720,n/a,n/a,Basic Industries,Precious Metals,http://www.nasdaq.com/symbol/brd,,
SARA,Saratoga Resources Inc,6.46,176261100,n/a,n/a,Energy,Oil & Gas Production,http://www.nasdaq.com/symbol/sara,,
PCG^A,Pacific Gas & Electric Co.,30.1999,174706421.5,n/a,n/a,n/a,n/a,http://www.nasdaq.com/symbol/pcg^a,,
UEC,Uranium Energy Corp.,2.29,173916340,n/a,n/a,Basic Industries,Precious Metals,http://www.nasdaq.com/symbol/uec,,
PLG,Platinum Group Metals Ltd.,0.97,172257450,n/a,1989,Basic Industries,Precious Metals,http://www.nasdaq.com/symbol/plg,,
VMM,"Delaware Investments Minnesota Municipal Income Fund II, Inc.",14.85,170849250,n/a,1993,n/a,n/a,http://www.nasdaq.com/symbol/vmm,,
CTO,Consolidated-Tomoka Land Co.,28.74,168014040,n/a,n/a,Finance,Real Estate,http://www.nasdaq.com/symbol/cto,,
AUMN,Golden Minerals Co.,4.68,167141520,n/a,n/a,Basic Industries,Precious Metals,http://www.nasdaq.com/symbol/aumn,,
NHS,Neuberger Berman High Yield Strategies Fund,13.49,165319950,n/a,n/a,n/a,n/a,http://www.nasdaq.com/symbol/nhs,,
HNW,Pioneer Diversified High Income Trust,19.22,158488120,n/a,2007,n/a,n/a,http://www.nasdaq.com/symbol/hnw,,
XRA,Exeter Resource Corporation,1.78,155440280,n/a,n/a,Basic Industries,Mining & Quarrying of Nonmetallic Minerals (No Fuels),http://www.nasdaq.com/symbol/xra,,
NHC^A,National HealthCare Corporation,14.25,154484250,n/a,n/a,n/a,n/a,http://www.nasdaq.com/symbol/nhc^a,,
GSV,Gold Standard Ventures Corporation,2.48,150478960,n/a,n/a,n/a,n/a,http://www.nasdaq.com/symbol/gsv,,
MDW,Midway Gold Corporation,1.31,149511610,n/a,n/a,Basic Industries,Precious Metals,http://www.nasdaq.com/symbol/mdw,,
ETF,Aberdeen Emerging Markets Telecommunications and Infrastructur,18.05,148858350,n/a,1992,n/a,n/a,http://www.nasdaq.com/symbol/etf,,
MSL,MidSouth Bancorp,14.01,146628660,n/a,n/a,Finance,Major Banks,http://www.nasdaq.com/symbol/msl,,
PBM,Pacific Booker Minerals Inc,12,146592000,n/a,n/a,Basic Industries,Precious Metals,http://www.nasdaq.com/symbol/pbm,,
TA,TravelCenters of America LLC,5.05,145308700,n/a,n/a,Consumer Durables,Automotive Aftermarket,http://www.nasdaq.com/symbol/ta,,
UVE,UNIVERSAL INSURANCE HOLDINGS INC,3.6,144615600,n/a,n/a,Finance,Property-Casualty Insurers,http://www.nasdaq.com/symbol/uve,,
BHB,"Bar Harbor Bankshares, Inc.",37.15,144513500,n/a,n/a,Finance,Major Banks,http://www.nasdaq.com/symbol/bhb,,
SBI,Western Asset Intermediate Muni Fund Inc,10.19,143118550,n/a,1992,n/a,n/a,http://www.nasdaq.com/symbol/sbi,,
AVL,"Avalon Rare Metals, Inc.",1.39,142639020,n/a,1980,n/a,n/a,http://www.nasdaq.com/symbol/avl,,
AE,"Adams Resources & Energy, Inc.",33.8,142568400,n/a,n/a,Energy,Oil Refining/Marketing,http://www.nasdaq.com/symbol/ae,,
PLM,Polymet Mining Corp.,0.81,141537780,n/a,n/a,Basic Industries,Precious Metals,http://www.nasdaq.com/symbol/plm,,
CH,"Aberdeen Chile Fund, Inc.",15.2,141071200,n/a,n/a,n/a,n/a,http://www.nasdaq.com/symbol/ch,,
SYRG,Synergy Resources Corporation,2.75,140657000,n/a,n/a,Energy,Oil & Gas Production,http://www.nasdaq.com/symbol/syrg,,
LPH,Longwei Petroleum Investment Holding Limited,1.35,136035450,n/a,1973,Energy,Oil Refining/Marketing,http://www.nasdaq.com/symbol/lph,,
WSR,Whitestone REIT,13.28,134898240,n/a,2010,Consumer Services,Real Estate Investment Trusts,http://www.nasdaq.com/symbol/wsr,,
FRS,"Frisch&#39;s Restaurants, Inc.",26.95,133079100,n/a,n/a,Consumer Services,Restaurants,http://www.nasdaq.com/symbol/frs,,
EIV,Eaton Vance Municipal Bond Fund II,13.31,132966900,n/a,2002,n/a,n/a,http://www.nasdaq.com/symbol/eiv,,
AAU,"Almaden Minerals, Ltd.",2.23,131842060,n/a,n/a,Basic Industries,Precious Metals,http://www.nasdaq.com/symbol/aau,,
IMUC,"ImmunoCellular Therapeutics, Ltd.",3.3,131369700,n/a,n/a,Consumer Durables,Major Pharmaceuticals,http://www.nasdaq.com/symbol/imuc,,
GLV,Clough Global Allocation Fund,12.57,131167950,n/a,2004,n/a,n/a,http://www.nasdaq.com/symbol/glv,,
ADGE,American DG Energy Inc.,2.76,128618760,n/a,n/a,Energy,Electric Utilities: Central,http://www.nasdaq.com/symbol/adge,,
SGA,"Saga Communications, Inc.",35.1,128185200,n/a,1992,Consumer Services,Broadcasting,http://www.nasdaq.com/symbol/sga,,
TIS,Orchids Paper Products Company,16.94,127625960,n/a,1988,Basic Industries,Paper,http://www.nasdaq.com/symbol/tis,,
HLM^,Hillman Group Capital Trust,30,126540000,n/a,n/a,n/a,n/a,http://www.nasdaq.com/symbol/hlm^,,
RVM,Revett Minerals Inc.,3.67,125433260,n/a,n/a,Basic Industries,Precious Metals,http://www.nasdaq.com/symbol/rvm,,
GST,Gastar Exploration,1.87,122941280,n/a,n/a,Energy,Oil & Gas Production,http://www.nasdaq.com/symbol/gst,,
DLA,"Delta Apparel, Inc.",14.42,121849000,n/a,n/a,Consumer Non-Durables,Apparel,http://www.nasdaq.com/symbol/dla,,
FCO,"Aberdeen Global Income Fund, Inc.",13.474,121144734,n/a,1992,n/a,n/a,http://www.nasdaq.com/symbol/fco,,
SIF,"SIFCO Industries, Inc.",22.28,119198000,n/a,n/a,Capital Goods,Aerospace,http://www.nasdaq.com/symbol/sif,,
PHF,"Pacholder High Yield Fund, Inc.",9.09,117888210,n/a,1988,n/a,n/a,http://www.nasdaq.com/symbol/phf,,
NKO,Nuveen New York Dividend Advantage Municipal Income Fund,14.75,117070750,n/a,2002,n/a,n/a,http://www.nasdaq.com/symbol/nko,,
LOV,"Spark Networks, Inc.",5.67,116784990,n/a,n/a,Miscellaneous,Business Services,http://www.nasdaq.com/symbol/lov,,
LCI,Lannett Co Inc,4.05,114878250,n/a,n/a,Consumer Durables,Major Pharmaceuticals,http://www.nasdaq.com/symbol/lci,,
CGR,"Claude Resources, Inc.",0.6848,112738624,n/a,n/a,Basic Industries,Precious Metals,http://www.nasdaq.com/symbol/cgr,,
CAK,CAMAC Energy Inc.,0.725,112661375,n/a,n/a,Energy,Oil & Gas Production,http://www.nasdaq.com/symbol/cak,,
SOQ,Sonde Resources Corp,1.8,112141800,n/a,n/a,Energy,Oil & Gas Production,http://www.nasdaq.com/symbol/soq,,
NEP,China North East Petroleum Holdings Limited,3.11,110669350,n/a,2004,Energy,Oil & Gas Production,http://www.nasdaq.com/symbol/nep,,
EMXX,Eurasian Minerals Inc.,2.04,106561440,n/a,n/a,Basic Industries,Precious Metals,http://www.nasdaq.com/symbol/emxx,,
CVM,Cel-Sci Corporation,0.41,105246180,n/a,n/a,Health Care,Biotechnology: Biological Products (No Diagnostic Substances),http://www.nasdaq.com/symbol/cvm,,
IF,"Aberdeen Indonesia Fund, Inc.",12.44,102903680,n/a,1990,n/a,n/a,http://www.nasdaq.com/symbol/if,,
CCF,Chase Corporation,11.31,102378120,n/a,n/a,Consumer Durables,Building Products,http://www.nasdaq.com/symbol/ccf,,
MEA,Metalico Inc,2.15,102245400,n/a,n/a,Basic Industries,Metal Fabrications,http://www.nasdaq.com/symbol/mea,,
GGN^A,"GAMCO Global Gold, Natural Reources & Income Trust by Gabelli",25.82,102143920,n/a,n/a,n/a,n/a,http://www.nasdaq.com/symbol/ggn^a,,
ERH,Wells Fargo Advantage Utilities and High Income Fund,11.18,101324340,n/a,2004,n/a,n/a,http://www.nasdaq.com/symbol/erh,,
CEV,Eaton Vance California Municipal Income Trust,13.67,99025480,n/a,1999,n/a,n/a,http://www.nasdaq.com/symbol/cev,,
NXJ,Nuveen New Jersey Dividend Advantage Municipal Fund,15.042,98825940,n/a,2001,n/a,n/a,http://www.nasdaq.com/symbol/nxj,,
CLM,"Cornerstone Strategic Value Fund, Inc.",6.85,98441350,n/a,1987,n/a,n/a,http://www.nasdaq.com/symbol/clm,,
QRM,Quest Rare Minerals Ltd,1.59,98150700,n/a,n/a,Basic Industries,Precious Metals,http://www.nasdaq.com/symbol/qrm,,
VOG,"Voyager Oil & Gas, Inc.",1.67,97608160,n/a,n/a,Energy,Oil & Gas Production,http://www.nasdaq.com/symbol/vog,,
URZ,Uranerz Energy Corporation,1.26,97220340,n/a,n/a,Basic Industries,Precious Metals,http://www.nasdaq.com/symbol/urz,,
HBP,Helix Biopherma Cp,1.41,94746360,n/a,n/a,Consumer Durables,Major Pharmaceuticals,http://www.nasdaq.com/symbol/hbp,,
NXK,Nuveen New York Dividend Advantage Municipal Fund 2,14.46,93830940,n/a,2001,n/a,n/a,http://www.nasdaq.com/symbol/nxk,,
NNB,Nuveen Virginia Dividend Advantage Municipal Fund 2,16.27,93406070,n/a,2001,n/a,n/a,http://www.nasdaq.com/symbol/nnb,,
ECF,"Ellsworth Convertible Growth and Income Fund, Inc.",6.96,93326640,n/a,1986,n/a,n/a,http://www.nasdaq.com/symbol/ecf,,
SSN,Samson Oil & Gas Limited,1.69,90484290,n/a,n/a,Energy,Oil & Gas Production,http://www.nasdaq.com/symbol/ssn,,
EGI,Entree Gold Inc,0.7118,90410700.6,n/a,n/a,Basic Industries,Precious Metals,http://www.nasdaq.com/symbol/egi,,
APP,American Apparel Inc,0.85,90012450,n/a,1994,Finance,Business Services,http://www.nasdaq.com/symbol/app,,
NBW,Neuberger Berman California Intermediate Municipal Fund Inc.,15.95,87868550,n/a,2002,n/a,n/a,http://www.nasdaq.com/symbol/nbw,,
URG,Ur Energy Inc,0.8298,86029515,n/a,n/a,Basic Industries,Precious Metals,http://www.nasdaq.com/symbol/urg,,
CFP,Cornerstone Progressive Return Fund,5.47,85851650,n/a,n/a,n/a,n/a,http://www.nasdaq.com/symbol/cfp,,
LODE,"Comstock Mining, Inc.",2.17,85710660,n/a,n/a,Basic Industries,Precious Metals,http://www.nasdaq.com/symbol/lode,,
NKX,Nuveen California AMT-Free Municipal Income Fund,14.47,85213830,n/a,2002,n/a,n/a,http://www.nasdaq.com/symbol/nkx,,
TAS,Tasman Metals Ltd,1.4489,84967842.7,n/a,n/a,Basic Industries,Precious Metals,http://www.nasdaq.com/symbol/tas,,
BIR^A,"Berkshire Income Realty, Inc.",28.5,84873000,n/a,n/a,n/a,n/a,http://www.nasdaq.com/symbol/bir^a,,
BTN,"Ballantyne Strong, Inc",6.02,84508760,n/a,1995,Miscellaneous,Industrial Machinery/Components,http://www.nasdaq.com/symbol/btn,,
NCU,Nuveen California Premium Income Municipal Fund,14.7201,84360893.1,n/a,1993,n/a,n/a,http://www.nasdaq.com/symbol/ncu,,
BCV,"Bancroft Convertible Fund, Inc.",15.82,84099120,n/a,n/a,n/a,n/a,http://www.nasdaq.com/symbol/bcv,,
CVU,"CPI Aerostructures, Inc.",11.95,83745600,n/a,n/a,Capital Goods,Military/Government/Technical,http://www.nasdaq.com/symbol/cvu,,
EGAS,Gas Natural Inc.,10.25,83599000,n/a,n/a,Public Utilities,Oil/Gas Transmission,http://www.nasdaq.com/symbol/egas,,
DGSE,"DGSE Companies, Inc.",7.43,83364600,n/a,n/a,Consumer Services,Consumer Specialties,http://www.nasdaq.com/symbol/dgse,,
BFY,BlackRock New York Municipal Income Trust II,16.6048,82592275.2,n/a,2002,n/a,n/a,http://www.nasdaq.com/symbol/bfy,,
PCC,PMC Commercial Trust,7.77,82245450,n/a,1993,Consumer Services,Real Estate Investment Trusts,http://www.nasdaq.com/symbol/pcc,,
WMCO,"Williams Controls, Inc.",11.12,81542960,n/a,1989,Capital Goods,Auto Parts:O.E.M.,http://www.nasdaq.com/symbol/wmco,,
MEET,"MeetMe, Inc.",2.23,80875410,n/a,n/a,n/a,n/a,http://www.nasdaq.com/symbol/meet,,
EVY,Eaton Vance New York Municipal Income Trust,14.781,80733822,n/a,1999,n/a,n/a,http://www.nasdaq.com/symbol/evy,,
DSS,"Document Security Systems, Inc.",3.88,80455680,n/a,n/a,Technology,EDP Services,http://www.nasdaq.com/symbol/dss,,
RVR,"White River Capital, Inc.",22.64,80258800,n/a,1984,Finance,Finance: Consumer Services,http://www.nasdaq.com/symbol/rvr,,
NWI,Nuveen Maryland Dividend Advantage Municipal Fund 3,14.69,78826540,n/a,2002,n/a,n/a,http://www.nasdaq.com/symbol/nwi,,
NBO,Neuberger Berman New York Intermediate Municipal Fund Inc.,15.47,78077090,n/a,2002,n/a,n/a,http://www.nasdaq.com/symbol/nbo,,
PIP,"PharmAthene, Inc",1.59,76852650,n/a,1973,Consumer Durables,Major Pharmaceuticals,http://www.nasdaq.com/symbol/pip,,
TSH,Teche Holding Company,37.1,75943700,n/a,n/a,Finance,Savings Institutions,http://www.nasdaq.com/symbol/tsh,,
VCF,"Delaware Investments Colorado Municipal Income Fund, Inc",15.69,75892530,n/a,1993,n/a,n/a,http://www.nasdaq.com/symbol/vcf,,
CDY,Cardero Resource Corporation,0.82,75044760,n/a,n/a,Basic Industries,Precious Metals,http://www.nasdaq.com/symbol/cdy,,
VFL,Delaware Investments Florida Insured Municipal Income Fund,13.38,73897740,n/a,1993,n/a,n/a,http://www.nasdaq.com/symbol/vfl,,
EMAN,eMagin Corporation,3.11,73203180,n/a,n/a,Technology,Semiconductors,http://www.nasdaq.com/symbol/eman,,
WRN,Western Copper and Gold Corporation,0.78,72542340,n/a,1994,Basic Industries,Precious Metals,http://www.nasdaq.com/symbol/wrn,,
MXA,Minnesota Municipal Income Portfolio Inc.,17.36,71991920,n/a,1993,n/a,n/a,http://www.nasdaq.com/symbol/mxa,,
EGT,Entertainment Gaming Asia Incorporated,2.4,71810400,n/a,n/a,Consumer Durables,Miscellaneous manufacturing industries,http://www.nasdaq.com/symbol/egt,,
NUJ,Nuveen New Jersey Dividend Advantage Municipal Fund 2,15.5706,70425823.8,n/a,1991,n/a,n/a,http://www.nasdaq.com/symbol/nuj,,
MDGN,"Medgenics, Inc.",7.15,69876950,n/a,n/a,Health Care,Biotechnology: Biological Products (No Diagnostic Substances),http://www.nasdaq.com/symbol/mdgn,,
FRD,Friedman Industries Inc.,10.21,69417790,n/a,1972,Capital Goods,Steel/Iron Ore,http://www.nasdaq.com/symbol/frd,,
OFI,"Overhill Farms, Inc.",4.3,68038900,n/a,n/a,Consumer Non-Durables,Packaged Foods,http://www.nasdaq.com/symbol/ofi,,
NKG,Nuveen Georgia Dividend Advantage Municipal Fund 2,14.9148,67936914,n/a,2002,n/a,n/a,http://www.nasdaq.com/symbol/nkg,,
NXI,Nuveen Ohio Dividend Advantage Municipal Fund,15.98,67867060,n/a,2001,n/a,n/a,http://www.nasdaq.com/symbol/nxi,,
MZA,"MuniYield Arizona Fund, Inc.",14.78,67455920,n/a,1993,n/a,n/a,http://www.nasdaq.com/symbol/mza,,
QMM,Quaterra Resources Inc,0.44,67035320,n/a,n/a,Basic Industries,Precious Metals,http://www.nasdaq.com/symbol/qmm,,
EVJ,Eaton Vance New Jersey Municipal Income Trust,14.22,66336300,n/a,1999,n/a,n/a,http://www.nasdaq.com/symbol/evj,,
SYN,"Synthetic Biologics, Inc",2,66032000,n/a,n/a,Consumer Durables,Major Pharmaceuticals,http://www.nasdaq.com/symbol/syn,,
LON,Loncor Resources Inc.,1.11,65872950,n/a,n/a,Basic Industries,Precious Metals,http://www.nasdaq.com/symbol/lon,,
EVBN,"Evans Bancorp, Inc.",15.85,65555600,n/a,n/a,Finance,Major Banks,http://www.nasdaq.com/symbol/evbn,,
BZC,Breeze-Eastern Corporation,6.79,64437100,n/a,n/a,Capital Goods,Military/Government/Technical,http://www.nasdaq.com/symbol/bzc,,
SVBL,"Silver Bull Resources, Inc.",0.47,63995200,n/a,n/a,Basic Industries,Precious Metals,http://www.nasdaq.com/symbol/svbl,,
ELLO,Ellomay Capital Ltd.,5.85,62823150,n/a,n/a,Capital Goods,Industrial Machinery/Components,http://www.nasdaq.com/symbol/ello,,
NZR,Nuveen Maryland Dividend Advantage Municipal Fund 2,14.9001,62625120.3,n/a,n/a,n/a,n/a,http://www.nasdaq.com/symbol/nzr,,
BQI,Oilsands Quest Inc,0.179,62417121,n/a,n/a,Basic Industries,Precious Metals,http://www.nasdaq.com/symbol/bqi,,
NFM,Nuveen Maryland Dividend Advantage Municipal Fund,14.8,62115600,n/a,2001,n/a,n/a,http://www.nasdaq.com/symbol/nfm,,
GLU,Gabelli Global Utility,20.068,61789372,n/a,2004,n/a,n/a,http://www.nasdaq.com/symbol/glu,,
NGO,Nuveen Connecticut Dividend Advantage Municipal Fund 3,14.1032,61588674.4,n/a,2002,n/a,n/a,http://www.nasdaq.com/symbol/ngo,,
NII,Nuveen North Carolina Dividend Advantage Municipal Fund 3,15.52,61102240,n/a,2002,n/a,n/a,http://www.nasdaq.com/symbol/nii,,
IEC,IEC Electronics Corp.,6.15,61020300,n/a,n/a,Technology,Electrical Products,http://www.nasdaq.com/symbol/iec,,
NBS,"Neostem, Inc.",0.46,60997380,n/a,n/a,Health Care,Hospital/Nursing Management,http://www.nasdaq.com/symbol/nbs,,
NNO,Nuveen North Carolina Dividend Advantage Municipal Fund 2,15.99,60010470,n/a,2001,n/a,n/a,http://www.nasdaq.com/symbol/nno,,
SLI,"SL Industries, Inc.",13.48,59824240,n/a,n/a,Capital Goods,Industrial Machinery/Components,http://www.nasdaq.com/symbol/sli,,
GLOW,"Glowpoint, Inc.",2.29,59054520,n/a,n/a,Public Utilities,Telecommunications Equipment,http://www.nasdaq.com/symbol/glow,,
BONE,"Bacterin International Holdings, Inc.",1.39,58972140,n/a,n/a,Health Care,Biotechnology: Biological Products (No Diagnostic Substances),http://www.nasdaq.com/symbol/bone,,
ESP,Espey Mfg. & Electronics Corp.,25.33,58790930,n/a,n/a,Capital Goods,Industrial Machinery/Components,http://www.nasdaq.com/symbol/esp,,
NPG,Nuveen Georgia Premium Income Municipal Fund,15.29,58209030,n/a,1993,n/a,n/a,http://www.nasdaq.com/symbol/npg,,
ATL,Atlatsa Resources Corporation,0.285,57538080,n/a,1986,Basic Industries,Precious Metals,http://www.nasdaq.com/symbol/atl,,
KBX,Kimber Resources Inc,0.74,57116900,n/a,n/a,Basic Industries,Mining & Quarrying of Nonmetallic Minerals (No Fuels),http://www.nasdaq.com/symbol/kbx,,
RLGT,"Radiant Logistics, Inc.",1.7283,56797122.9,n/a,n/a,Transportation,Oil Refining/Marketing,http://www.nasdaq.com/symbol/rlgt,,
HUSA,Houston American Energy Corporation,1.51,56421150,n/a,n/a,Energy,Oil & Gas Production,http://www.nasdaq.com/symbol/husa,,
AA^,Alcoa Inc.,82.95,54747000,n/a,n/a,Capital Goods,Metal Fabrications,http://www.nasdaq.com/symbol/aa^,,
CMT,Core Molding Technologies Inc,7.46,54495300,n/a,1992,Consumer Non-Durables,Plastic Products,http://www.nasdaq.com/symbol/cmt,,
GV,Goldfield Corporation (The),2.14,54465140,n/a,n/a,Public Utilities,Water Supply,http://www.nasdaq.com/symbol/gv,,
FLL,"Full House Resorts, Inc.",2.91,54341340,n/a,n/a,Consumer Services,Hotels/Resorts,http://www.nasdaq.com/symbol/fll,,
INO,"Inovio Pharmaceuticals, Inc.",0.4025,54324620,n/a,n/a,Health Care,Medical/Dental Instruments,http://www.nasdaq.com/symbol/ino,,
GRH,GreenHunter Energy Inc,1.93,54192470,n/a,n/a,Basic Industries,Major Chemicals,http://www.nasdaq.com/symbol/grh,,
NVY,Nuveen Pennsylvania Dividend Advantage Municipal Fund 2,14.53,54138780,n/a,1993,n/a,n/a,http://www.nasdaq.com/symbol/nvy,,
NCB,Nuveen California Municipal Value Fund 2,16.36,53791680,n/a,n/a,n/a,n/a,http://www.nasdaq.com/symbol/ncb,,
MSN,Emerson Radio Corporation,1.95,52903500,n/a,n/a,Consumer Non-Durables,Consumer Electronics/Appliances,http://www.nasdaq.com/symbol/msn,,
ISL,"Aberdeen Israel Fund, Inc.",12.21,52173330,n/a,1992,n/a,n/a,http://www.nasdaq.com/symbol/isl,,
VRNG,"Vringo, Inc.",3.67,51600200,n/a,n/a,Consumer Services,Telecommunications Equipment,http://www.nasdaq.com/symbol/vrng,,
NRK,Nuveen New York AMT-Free Municipal Income Fund,14.4848,50798193.6,n/a,2002,n/a,n/a,http://www.nasdaq.com/symbol/nrk,,
TCX,Tucows Inc.,1.09,50399420,n/a,n/a,Technology,EDP Services,http://www.nasdaq.com/symbol/tcx,,
NGB,Nuveen Virginia Dividend Advantage Municipal Fund,15.95,50178700,n/a,2001,n/a,n/a,http://www.nasdaq.com/symbol/ngb,,
GIG,"GigOptix, Inc.",2.3,49916900,n/a,n/a,Technology,Semiconductors,http://www.nasdaq.com/symbol/gig,,
BKJ,"Bancorp of New Jersey, Inc",9.53,49622710,n/a,n/a,Finance,Major Banks,http://www.nasdaq.com/symbol/bkj,,
EIA,Eaton Vance California Municipal Bond Fund II,12.7,49288700,n/a,2002,n/a,n/a,http://www.nasdaq.com/symbol/eia,,
CUR,"Neuralstem, Inc.",0.9,48685500,n/a,1973,Health Care,Biotechnology: Biological Products (No Diagnostic Substances),http://www.nasdaq.com/symbol/cur,,
CONM,"Conmed Healthcare Management, Inc.",3.44,47846960,n/a,n/a,Health Care,Hospital/Nursing Management,http://www.nasdaq.com/symbol/conm,,
NXM,Nuveen Pennsylvania Dividend Advantage Municipal Fund,14.4,47836800,n/a,2001,n/a,n/a,http://www.nasdaq.com/symbol/nxm,,
STS,"Supreme Industries, Inc.",3.54,47747520,n/a,n/a,Capital Goods,Construction/Ag Equipment/Trucks,http://www.nasdaq.com/symbol/sts,,
PCYG,"Park City Group, Inc.",4,47640000,n/a,n/a,Technology,EDP Services,http://www.nasdaq.com/symbol/pcyg,,
ITI,"Iteris, Inc.",1.4,47597200,n/a,n/a,Consumer Durables,Telecommunications Equipment,http://www.nasdaq.com/symbol/iti,,
NBJ,Nuveen Ohio Dividend Advantage Municipal Fund 2,15.109,47170298,n/a,n/a,n/a,n/a,http://www.nasdaq.com/symbol/nbj,,
TGC,"Tengasco, Inc.",0.77,46767490,n/a,n/a,Energy,Oil & Gas Production,http://www.nasdaq.com/symbol/tgc,,
BWL/A,"Bowl America, Inc.",12.55,46221650,n/a,n/a,Consumer Services,Services-Misc. Amusement & Recreation,http://www.nasdaq.com/symbol/bwl/a,,
OESX,"Orion Energy Systems, Inc.",1.98,45561780,n/a,2007,Consumer Durables,Building Products,http://www.nasdaq.com/symbol/oesx,,
BVX,Bovie Medical Corporation,2.55,45316050,n/a,n/a,Health Care,Medical/Dental Instruments,http://www.nasdaq.com/symbol/bvx,,
ADK,Adcare Health Systems Inc,3.4,45288000,n/a,n/a,Health Care,Hospital/Nursing Management,http://www.nasdaq.com/symbol/adk,,
GGR,GeoGlobal Resources Inc.,0.33,44381700,n/a,n/a,Energy,Oil & Gas Production,http://www.nasdaq.com/symbol/ggr,,
PCG^D,Pacific Gas & Electric Co.,24.96,44378880,n/a,n/a,n/a,n/a,http://www.nasdaq.com/symbol/pcg^d,,
NXE,Nuveen Arizona Dividend Advantage Municipal Fund 3,14.31,43874460,n/a,2002,n/a,n/a,http://www.nasdaq.com/symbol/nxe,,
MGN,"Mines Management, Inc.",1.5,43408500,n/a,1985,Basic Industries,Precious Metals,http://www.nasdaq.com/symbol/mgn,,
SAL,"Salisbury Bancorp, Inc.",25.5,43069500,n/a,n/a,Finance,Savings Institutions,http://www.nasdaq.com/symbol/sal,,
IBIO,"iBio, Inc.",0.9,42990300,n/a,n/a,Consumer Durables,Major Pharmaceuticals,http://www.nasdaq.com/symbol/ibio,,
EIP,Eaton Vance Pennsylvania Municipal Bond Fund,14.54,42980240,n/a,2002,n/a,n/a,http://www.nasdaq.com/symbol/eip,,
IDN,"Intellicheck Mobilisia, Inc.",1.56,42842280,n/a,1999,Technology,Computer Software: Prepackaged Software,http://www.nasdaq.com/symbol/idn,,
EVO,Eaton Vance Ohio Municipal Income Trust,14.74,42082700,n/a,1999,n/a,n/a,http://www.nasdaq.com/symbol/evo,,
HH,"Hooper Holmes, Inc.",0.6,41802000,n/a,n/a,Health Care,Hospital/Nursing Management,http://www.nasdaq.com/symbol/hh,,
GVP,"GSE Systems, Inc.",2.27,41772540,n/a,n/a,Technology,Computer Software: Prepackaged Software,http://www.nasdaq.com/symbol/gvp,,
ONP,"Orient Paper, Inc.",2.24,41350400,n/a,n/a,Consumer Durables,Containers/Packaging,http://www.nasdaq.com/symbol/onp,,
HKN,"HKN, Inc.",2.35,41266000,n/a,n/a,Energy,Oil & Gas Production,http://www.nasdaq.com/symbol/hkn,,
BTC,Community Bankers Trust Corporation.,1.9,41093200,n/a,n/a,Finance,Major Banks,http://www.nasdaq.com/symbol/btc,,
XPL,Solitario Exploration & Royalty Corp,1.2,41076000,n/a,n/a,Basic Industries,Precious Metals,http://www.nasdaq.com/symbol/xpl,,
MMV,Eaton Vance Massachusetts Municipal Income Trust,14.95,41067650,n/a,1999,n/a,n/a,http://www.nasdaq.com/symbol/mmv,,
INFU,"InfuSystems Holdings, Inc.",1.93,40786690,n/a,1992,Health Care,Medical/Dental Instruments,http://www.nasdaq.com/symbol/infu,,
ALN,American Lorain Corporation,1.18,40719440,n/a,n/a,Consumer Non-Durables,Packaged Foods,http://www.nasdaq.com/symbol/aln,,
NGX,Nuveen Massachusetts AMT-Free Municipal Income Fund,14.83,40441410,n/a,2002,n/a,n/a,http://www.nasdaq.com/symbol/ngx,,
NOM,Nuveen Missouri Premium Income Municipal Fund,17.39,40379580,n/a,1993,n/a,n/a,http://www.nasdaq.com/symbol/nom,,
EXE,"Crexendo, Inc.",3.8,40367400,n/a,n/a,Technology,EDP Services,http://www.nasdaq.com/symbol/exe,,
WYY,WidePoint Corporation,0.6318,39946818.6,n/a,n/a,Technology,EDP Services,http://www.nasdaq.com/symbol/wyy,,
CRF,"Cornerstone Strategic Return Fund, Inc. (The)",6.05,39851350,n/a,1994,n/a,n/a,http://www.nasdaq.com/symbol/crf,,
TF,Thai Capital Fund Inc,11.095,39553675,n/a,n/a,n/a,n/a,http://www.nasdaq.com/symbol/tf,,
IG,"IGI Laboratories, Inc.",1,39512000,n/a,n/a,Health Care,Biotechnology: Biological Products (No Diagnostic Substances),http://www.nasdaq.com/symbol/ig,,
SCE^D,Southern California Edison Company,23.75,39258750,n/a,n/a,n/a,n/a,http://www.nasdaq.com/symbol/sce^d,,
HEB,"Hemispherx BioPharma, Inc.",0.287,39017650,n/a,n/a,Health Care,Biotechnology: Biological Products (No Diagnostic Substances),http://www.nasdaq.com/symbol/heb,,
CEP,"Constellation Energy Partners, LLC",1.63,38626110,n/a,n/a,Energy,Oil & Gas Production,http://www.nasdaq.com/symbol/cep,,
NFC,Nuveen Connecticut Dividend Advantage Municipal Fund,14.83,38350380,n/a,2001,n/a,n/a,http://www.nasdaq.com/symbol/nfc,,
BLJ,Blackrock New Jersey Municipal Bond Trust,16.43,38134030,n/a,2002,n/a,n/a,http://www.nasdaq.com/symbol/blj,,
EMJ,Eaton Vance New Jersey Municipal Bond Fund,14.6882,38115879,n/a,2002,n/a,n/a,http://www.nasdaq.com/symbol/emj,,
IPB,"Merrill Lynch & Co., Inc.",25.3,37950000,n/a,n/a,Finance,Finance: Consumer Services,http://www.nasdaq.com/symbol/ipb,,
DXR,Daxor Corporation,8.96,37596160,n/a,n/a,Health Care,Medical/Dental Instruments,http://www.nasdaq.com/symbol/dxr,,
EVP,Eaton Vance Pennsylvania Municipal Income Trust,13.8346,37588608.2,n/a,1999,n/a,n/a,http://www.nasdaq.com/symbol/evp,,
GSB,"GlobalSCAPE, Inc.",2.04,37307520,n/a,n/a,Technology,Computer Software: Prepackaged Software,http://www.nasdaq.com/symbol/gsb,,
APTS,"Preferred Apartment Communities, Inc.",7.2,37281600,n/a,n/a,Consumer Services,Real Estate Investment Trusts,http://www.nasdaq.com/symbol/apts,,
VMV,Invesco Van Kampen Massachusetts Value Municipal Income Trust,13.71,37030710,n/a,n/a,n/a,n/a,http://www.nasdaq.com/symbol/vmv,,
NRB,Nuveen North Carolina Dividend Advantage Municipal Fund,16.17,36738240,n/a,2001,n/a,n/a,http://www.nasdaq.com/symbol/nrb,,
CTP,CTPartners Executive Search Inc.,5.13,36592290,n/a,2010,Technology,Diversified Commercial Services,http://www.nasdaq.com/symbol/ctp,,
ASM,Avino Silver,1.35,36541800,n/a,1992,Basic Industries,Precious Metals,http://www.nasdaq.com/symbol/asm,,
NKR,Nuveen Arizona Dividend Advantage Municipal Fund 2,14.95,36478000,n/a,2002,n/a,n/a,http://www.nasdaq.com/symbol/nkr,,
NYV,Nuveen New York Municipal Value Fund 2,15.52,36425440,n/a,2009,n/a,n/a,http://www.nasdaq.com/symbol/nyv,,
ESA,Energy Services Acquisition Corp,2.51,36261970,n/a,n/a,Public Utilities,Water Supply,http://www.nasdaq.com/symbol/esa,,
EIO,Eaton Vance Ohio Municipal Bond Fund,14.32,36243920,n/a,2002,n/a,n/a,http://www.nasdaq.com/symbol/eio,,
MHE,Massachusetts Health and Education Tax-Exempt Trust,15.37,36211720,n/a,1993,n/a,n/a,http://www.nasdaq.com/symbol/mhe,,
COVR,Cover-All Technologies Inc.,1.4,36201200,n/a,n/a,Technology,Computer Software: Prepackaged Software,http://www.nasdaq.com/symbol/covr,,
NBY,"NovaBay Pharmaceuticals, Inc.",1.23,35597430,n/a,2007,Consumer Durables,Major Pharmaceuticals,http://www.nasdaq.com/symbol/nby,,
NYH,Eaton Vance New York Municipal Bond Fund II,13.8699,35562423.6,n/a,2002,n/a,n/a,http://www.nasdaq.com/symbol/nyh,,
JFP,Nuveen Tax-Advantaged Floating Rate Fund,2.54,35516820,n/a,n/a,n/a,n/a,http://www.nasdaq.com/symbol/jfp,,
RNN,"Rexahn Pharmaceuticals, Inc.",0.37,35278020,n/a,n/a,Consumer Durables,Major Pharmaceuticals,http://www.nasdaq.com/symbol/rnn,,
BZM,BlackRock Maryland Municipal Bond Trust,16.8472,34873704,n/a,2002,n/a,n/a,http://www.nasdaq.com/symbol/bzm,,
DIT,AMCON Distributing Company,57.12,34728960,n/a,n/a,Consumer Non-Durables,Food Distributors,http://www.nasdaq.com/symbol/dit,,
IDI,SearchMedia Holdings Limited,1.85,34175050,n/a,n/a,Consumer Services,Advertising,http://www.nasdaq.com/symbol/idi,,
NLP,NTS Realty Holdings Limited Partnership,3.07,34061650,n/a,n/a,Consumer Services,Real Estate Investment Trusts,http://www.nasdaq.com/symbol/nlp,,
NGK,Nuveen Connecticut Dividend Advantage Municipal Fund 2,14.66,34011200,n/a,2002,n/a,n/a,http://www.nasdaq.com/symbol/ngk,,
MCZ,Mad Catz Interactive Inc,0.53,33634860,n/a,n/a,Consumer Non-Durables,Recreational Products/Toys,http://www.nasdaq.com/symbol/mcz,,
NVJ,Nuveen Ohio Dividend Advantage Municipal Fund 3,15.55,33556900,n/a,2002,n/a,n/a,http://www.nasdaq.com/symbol/nvj,,
CNR,China Metro-Rural Holdings Limited,0.51,33478440,n/a,n/a,Finance,Real Estate,http://www.nasdaq.com/symbol/cnr,,
AXK,Accelr8 Technology Corporation,2.99,33197970,n/a,n/a,Capital Goods,Biotechnology: Laboratory Analytical Instruments,http://www.nasdaq.com/symbol/axk,,
BHV,BlackRock Virginia Municipal Bond Trust,20.675,32645825,n/a,2002,n/a,n/a,http://www.nasdaq.com/symbol/bhv,,
PCG^B,Pacific Gas & Electric Co.,27.62,32398260,n/a,n/a,n/a,n/a,http://www.nasdaq.com/symbol/pcg^b,,
CCA,MFS California Insured Municipal Trust,11.6,32317600,n/a,1984,n/a,n/a,http://www.nasdaq.com/symbol/cca,,
SCE^E,Southern California Edison Company,24.7,32035900,n/a,n/a,n/a,n/a,http://www.nasdaq.com/symbol/sce^e,,
LEI,"Lucas Energy, Inc.",1.61,31461010,n/a,n/a,Energy,Oil & Gas Production,http://www.nasdaq.com/symbol/lei,,
UQM,UQM TECHNOLOGIES INC,0.86,31442460,n/a,n/a,Capital Goods,Industrial Machinery/Components,http://www.nasdaq.com/symbol/uqm,,
GSX,GASCO ENERGY INC,0.185,31357500,n/a,n/a,Energy,Oil & Gas Production,http://www.nasdaq.com/symbol/gsx,,
ACU,Acme United Corporation.,10.1,31340300,n/a,1988,Capital Goods,Industrial Machinery/Components,http://www.nasdaq.com/symbol/acu,,
ROX,"Castle Brands, Inc.",0.2899,31324274.8,n/a,2006,Consumer Non-Durables,Beverages (Production/Distribution),http://www.nasdaq.com/symbol/rox,,
SIM,"Grupo Simec, S.A. de C.V.",9.3,30717900,n/a,1993,Basic Industries,Steel/Iron Ore,http://www.nasdaq.com/symbol/sim,,
CXM,"Cardium Therapeutics, Inc.",0.256,30621952,n/a,n/a,Health Care,Biotechnology: Biological Products (No Diagnostic Substances),http://www.nasdaq.com/symbol/cxm,,
PCG^E,Pacific Gas & Electric Co.,25.02,30499380,n/a,n/a,n/a,n/a,http://www.nasdaq.com/symbol/pcg^e,,
NZX,Nuveen Georgia Dividend Advantage Municipal Fund,15.44,30447680,n/a,n/a,n/a,n/a,http://www.nasdaq.com/symbol/nzx,,
BPS,BlackRock Pennsylvania Strategic Municipal Trust (The),14.964,30332028,n/a,1994,n/a,n/a,http://www.nasdaq.com/symbol/bps,,
VSR,"Versar, Inc.",3.1,30011100,n/a,1986,Consumer Services,Military/Government/Technical,http://www.nasdaq.com/symbol/vsr,,
APT,"Alpha Pro Tech, Ltd.",1.43,29988530,n/a,n/a,Health Care,Industrial Specialties,http://www.nasdaq.com/symbol/apt,,
DEJ,Dejour Energy Inc.,0.229,29949994,n/a,n/a,Energy,Oil & Gas Production,http://www.nasdaq.com/symbol/dej,,
WTT,"Wireless Telecom Group,  Inc.",1.23,29806590,n/a,n/a,Capital Goods,Electrical Products,http://www.nasdaq.com/symbol/wtt,,
NZW,Nuveen Michigan Dividend Advantage Municipal Fund,14.51,29789030,n/a,n/a,n/a,n/a,http://www.nasdaq.com/symbol/nzw,,
HTM,U.S. Geothermal Inc.,0.35,29746500,n/a,n/a,Public Utilities,Electric Utilities: Central,http://www.nasdaq.com/symbol/htm,,
QBC,Cubic Energy Inc,0.38,29342080,n/a,n/a,Energy,Oil & Gas Production,http://www.nasdaq.com/symbol/qbc,,
ISR,"IsoRay, Inc.",0.99,29022840,n/a,n/a,Health Care,Medical/Dental Instruments,http://www.nasdaq.com/symbol/isr,,
FPP,FieldPoint Petroleum Corporation,3.59,28755900,n/a,n/a,Energy,Oil & Gas Production,http://www.nasdaq.com/symbol/fpp,,
EMI,Eaton Vance Michigan Municipal Income Trust,13.58,28735280,n/a,1999,n/a,n/a,http://www.nasdaq.com/symbol/emi,,
ESTE,"Earthstone Energy, Inc.",16.805,28686135,n/a,n/a,Energy,Oil & Gas Production,http://www.nasdaq.com/symbol/este,,
NMB,Nuveen Massachusetts Dividend Advantage Municipal Fund,14.58,28664280,n/a,2001,n/a,n/a,http://www.nasdaq.com/symbol/nmb,,
ICH,"Investors Capital Holdings, Ltd.",4.25,28283750,n/a,1997,Finance,Finance/Investors Services,http://www.nasdaq.com/symbol/ich,,
MAB,Eaton Vance Massachusetts Municipal Bond Fund,15.75,27814500,n/a,2002,n/a,n/a,http://www.nasdaq.com/symbol/mab,,
RIF,RMR Real Estate Income Fund.,15.82,27764100,n/a,2002,n/a,n/a,http://www.nasdaq.com/symbol/rif,,
NTS,"NTS, Inc.",0.67,27595290,n/a,n/a,Consumer Services,Telecommunications Equipment,http://www.nasdaq.com/symbol/nts,,
SCE^C,Southern California Edison Company,22.38,26856000,n/a,n/a,n/a,n/a,http://www.nasdaq.com/symbol/sce^c,,
ECBE,ECB Bancorp Inc,9.4,26790000,n/a,n/a,Finance,Major Banks,http://www.nasdaq.com/symbol/ecbe,,
SGB,Southwest Georgia Financial Corporation,10.5,26754000,n/a,n/a,Finance,Major Banks,http://www.nasdaq.com/symbol/sgb,,
KXM,Kobex Minerals Inc.,0.58,26727560,n/a,n/a,Basic Industries,Precious Metals,http://www.nasdaq.com/symbol/kxm,,
BRN,"Barnwell Industries, Inc.",3.15,26072550,n/a,n/a,Energy,Oil & Gas Production,http://www.nasdaq.com/symbol/brn,,
FWV,"First West Virginia Bancorp, Inc.",15.68,25919040,n/a,n/a,Finance,Major Banks,http://www.nasdaq.com/symbol/fwv,,
NJV,Nuveen New Jersey Municipal Value Fund,16.54,25818940,n/a,n/a,n/a,n/a,http://www.nasdaq.com/symbol/njv,,
CIX,CompX International Inc.,10.74,25625640,n/a,1998,Capital Goods,Industrial Machinery/Components,http://www.nasdaq.com/symbol/cix,,
CAW,"CCA Industries, Inc.",4.2,25565400,n/a,n/a,Consumer Non-Durables,Package Goods/Cosmetics,http://www.nasdaq.com/symbol/caw,,
SHZ,"China Shen Zhou Mining & Resources, Inc.",0.66,25309680,n/a,n/a,Basic Industries,Precious Metals,http://www.nasdaq.com/symbol/shz,,
MXN,"First American Minnesota Municipal Income Fund II, Inc.",16.7818,24719591.4,n/a,2002,n/a,n/a,http://www.nasdaq.com/symbol/mxn,,
MGH,Minco Gold Corporation,0.49,24670520,n/a,n/a,Basic Industries,Precious Metals,http://www.nasdaq.com/symbol/mgh,,
RVP,"Retractable Technologies, Inc.",0.97,24559430,n/a,n/a,Health Care,Medical/Dental Instruments,http://www.nasdaq.com/symbol/rvp,,
EVK,"Ever-Glory International Group, Inc.",1.63,24068580,n/a,n/a,Consumer Non-Durables,Apparel,http://www.nasdaq.com/symbol/evk,,
PDO,Pyramid Oil Co,5.12,23982080,n/a,n/a,Energy,Oil & Gas Production,http://www.nasdaq.com/symbol/pdo,,
WGA,Wells-Gardner Electronics Corporation,2.05,23911200,n/a,n/a,Technology,Radio And Television Broadcasting And Communications Equipment,http://www.nasdaq.com/symbol/wga,,
CKX,"CKX Lands, Inc.",12.3,23886600,n/a,n/a,Energy,Oil & Gas Production,http://www.nasdaq.com/symbol/ckx,,
CBP,China Botanic Pharmaceutical Inc.,0.64,23833600,n/a,n/a,Consumer Durables,Major Pharmaceuticals,http://www.nasdaq.com/symbol/cbp,,
MIW,Eaton Vance Michigan Municipal Bond Fund,15.62,23633060,n/a,2002,n/a,n/a,http://www.nasdaq.com/symbol/miw,,
ANX,"ADVENTRX Pharmaceuticals, Inc.",0.48,22903680,n/a,n/a,Consumer Durables,Major Pharmaceuticals,http://www.nasdaq.com/symbol/anx,,
NFZ,Nuveen Arizona Dividend Advantage Municipal Fund,14.6375,22658850,n/a,2001,n/a,n/a,http://www.nasdaq.com/symbol/nfz,,
CMFO,China Marine Food Group Limited,0.76,22570480,n/a,n/a,Consumer Non-Durables,Packaged Foods,http://www.nasdaq.com/symbol/cmfo,,
CRVP,"Crystal Rock Holdings, Inc.",1.04,22244560,n/a,n/a,Consumer Non-Durables,Food Distributors,http://www.nasdaq.com/symbol/crvp,,
ELMD,"Electromed, Inc.",2.7,21907800,n/a,2010,Health Care,Biotechnology: Electromedical & Electrotherapeutic Apparatus,http://www.nasdaq.com/symbol/elmd,,
SCE^B,Southern California Edison Company,21.89,21890000,n/a,n/a,n/a,n/a,http://www.nasdaq.com/symbol/sce^b,,
RWC,RELM Wireless Corporation,1.59,21533370,n/a,n/a,Technology,Radio And Television Broadcasting And Communications Equipment,http://www.nasdaq.com/symbol/rwc,,
SDO^H,San Diego Gas & Electric Company,32.25,20640000,n/a,n/a,n/a,n/a,http://www.nasdaq.com/symbol/sdo^h,,
API,"Advanced Photonix, Inc.",0.65,20129850,n/a,n/a,Technology,Semiconductors,http://www.nasdaq.com/symbol/api,,
RNY,BlackRock New York Investment Quality Municipal Trust Inc. (Th,15.18,19976880,n/a,1993,n/a,n/a,http://www.nasdaq.com/symbol/rny,,
CUO,Continental Materials Corporation,12.19,19930650,n/a,n/a,Capital Goods,Building Materials,http://www.nasdaq.com/symbol/cuo,,
TLR,Timberline Resources Corporation,0.32,19927040,n/a,1983,Basic Industries,Precious Metals,http://www.nasdaq.com/symbol/tlr,,
GRF,"Eagle Capital Growth Fund, Inc.",6.37,19906250,n/a,n/a,n/a,n/a,http://www.nasdaq.com/symbol/grf,,
MBA,CIBT Education Group Inc.,0.275,19785975,n/a,1992,Consumer Services,Other Consumer Services,http://www.nasdaq.com/symbol/mba,,
PCG^G,Pacific Gas & Electric Co.,24.75,19626750,n/a,n/a,n/a,n/a,http://www.nasdaq.com/symbol/pcg^g,,
PTN,"Palatin Technologies, Inc.",0.559,19509659,n/a,1997,Consumer Durables,Major Pharmaceuticals,http://www.nasdaq.com/symbol/ptn,,
WZE,WIZZARD SOFTWARE CORPORATION,2.25,19404000,n/a,n/a,Technology,Computer Software: Prepackaged Software,http://www.nasdaq.com/symbol/wze,,
FSI,Flexible Solutions International Inc.,1.45,19096500,n/a,1998,Basic Industries,Major Chemicals,http://www.nasdaq.com/symbol/fsi,,
SVT,"Servotronics, Inc.",7.9,18857300,n/a,n/a,Capital Goods,Industrial Machinery/Components,http://www.nasdaq.com/symbol/svt,,
NPN,Nuveen Pennsylvania Municipal Value Fund,15.4,18772600,n/a,1992,n/a,n/a,http://www.nasdaq.com/symbol/npn,,
SNT,Senesco Technologies Inc,0.2,18744400,n/a,n/a,Health Care,Biotechnology: Commercial Physical & Biological Resarch,http://www.nasdaq.com/symbol/snt,,
IVD,"IVAX Diagnostics, Inc.",0.53,18545760,n/a,n/a,Consumer Durables,Major Pharmaceuticals,http://www.nasdaq.com/symbol/ivd,,
ACY,AeroCentury Corp.,11.89,18346270,n/a,n/a,Technology,Diversified Commercial Services,http://www.nasdaq.com/symbol/acy,,
IHT,InnSuites Hospitality Trust,2.17,18280080,n/a,n/a,Consumer Services,Real Estate Investment Trusts,http://www.nasdaq.com/symbol/iht,,
MHH,"Mastech Holdings, Inc",5.8,18270000,n/a,n/a,Consumer Services,Professional Services,http://www.nasdaq.com/symbol/mhh,,
CVR,Chicago Rivet & Machine Co.,18.568,17936688,n/a,n/a,Technology,Industrial Machinery/Components,http://www.nasdaq.com/symbol/cvr,,
UWN,"Nevada Gold & Casinos, Inc.",1.12,17801280,n/a,n/a,Consumer Services,Services-Misc. Amusement & Recreation,http://www.nasdaq.com/symbol/uwn,,
LGL,"LGL Group, Inc. (The)",6.65,17290000,n/a,n/a,Capital Goods,Industrial Machinery/Components,http://www.nasdaq.com/symbol/lgl,,
FOH,Frederick&#39;s of Hollywood Group,0.44,17144600,n/a,n/a,Consumer Non-Durables,Apparel,http://www.nasdaq.com/symbol/foh,,
IMH,"Impac Mortgage Holdings, Inc.",2.07,16239150,n/a,1995,Consumer Services,Real Estate Investment Trusts,http://www.nasdaq.com/symbol/imh,,
INUV,"Inuvo, Inc",0.69,16202580,n/a,n/a,Consumer Services,Advertising,http://www.nasdaq.com/symbol/inuv,,
ZBB,ZBB Energy Corporation,0.38,15600900,n/a,2007,Public Utilities,Electric Utilities: Central,http://www.nasdaq.com/symbol/zbb,,
RPI,"Roberts Realty Investors, Inc.",1.4,14595000,n/a,n/a,Consumer Services,Real Estate Investment Trusts,http://www.nasdaq.com/symbol/rpi,,
AIM,Aerosonic Corporation,3.8,14588200,n/a,n/a,Capital Goods,Industrial Machinery/Components,http://www.nasdaq.com/symbol/aim,,
CPHI,"China Pharma Holdings, Inc.",0.3351,14586903,n/a,n/a,Consumer Durables,Major Pharmaceuticals,http://www.nasdaq.com/symbol/cphi,,
AQQ,"American Spectrum Realty, Inc.",4,14312000,n/a,n/a,Consumer Services,Real Estate Investment Trusts,http://www.nasdaq.com/symbol/aqq,,
BDL,"Flanigan&#39;s Enterprises, Inc.",7.68,14284800,n/a,n/a,Consumer Services,Restaurants,http://www.nasdaq.com/symbol/bdl,,
PW,Power REIT,8.77,14233710,n/a,n/a,Consumer Services,Real Estate Investment Trusts,http://www.nasdaq.com/symbol/pw,,
PCG^H,Pacific Gas & Electric Co.,23.25,14205750,n/a,n/a,n/a,n/a,http://www.nasdaq.com/symbol/pcg^h,,
RNJ,BlackRock New Jersey Investment Quality Municipal Trust Inc.,13.65,13882050,n/a,1993,n/a,n/a,http://www.nasdaq.com/symbol/rnj,,
INS,Intelligent Systems Corporation,1.54,13795320,n/a,1992,Capital Goods,Metal Fabrications,http://www.nasdaq.com/symbol/ins,,
CXZ,Crosshair Energy Corp,0.29,13768330,n/a,n/a,Basic Industries,Mining & Quarrying of Nonmetallic Minerals (No Fuels),http://www.nasdaq.com/symbol/cxz,,
HWG,Hallwood Group Incorporated,9,13725000,n/a,n/a,Basic Industries,Textiles,http://www.nasdaq.com/symbol/hwg,,
VII,"Vicon Industries, Inc.",3.05,13664000,n/a,n/a,Consumer Durables,Telecommunications Equipment,http://www.nasdaq.com/symbol/vii,,
TPI,"Tianyin Pharmaceutical Co., Inc.",0.46,13493180,n/a,1986,Consumer Durables,Major Pharmaceuticals,http://www.nasdaq.com/symbol/tpi,,
CHGS,"China GengSheng Minerals, Inc.",0.501,13428303,n/a,n/a,Consumer Durables,Miscellaneous manufacturing industries,http://www.nasdaq.com/symbol/chgs,,
AMS,American Shared Hospital Services,2.89,13328680,n/a,n/a,Health Care,Medical Specialities,http://www.nasdaq.com/symbol/ams,,
MXC,Mexco Energy Corporation,6.49,13148740,n/a,1972,Energy,Oil & Gas Production,http://www.nasdaq.com/symbol/mxc,,
PPW^,PacifiCorp,102,12852000,n/a,n/a,Public Utilities,Electric Utilities: Central,http://www.nasdaq.com/symbol/ppw^,,
INV,Innovaro Inc,0.82,12388560,n/a,1997,Consumer Services,Professional Services,http://www.nasdaq.com/symbol/inv,,
MOC,Command Security Corporation,1.15,12352150,n/a,n/a,Consumer Services,Diversified Commercial Services,http://www.nasdaq.com/symbol/moc,,
AWX,Avalon Holdings Corporation,3.84,12253440,n/a,n/a,Public Utilities,Environmental Services,http://www.nasdaq.com/symbol/awx,,
IGC,India Globalization Capital Inc.,0.23,12065800,n/a,1987,Basic Industries,Military/Government/Technical,http://www.nasdaq.com/symbol/igc,,
SED,SED International Holdings Inc,2.4,11949600,n/a,n/a,Technology,Retail: Computer Software & Peripheral Equipment,http://www.nasdaq.com/symbol/sed,,
UUU,"Universal Security Instruments, Inc.",5.05,11847300,n/a,n/a,Consumer Non-Durables,Electronic Components,http://www.nasdaq.com/symbol/uuu,,
TTTM,T3 Motion Inc,0.9,11615400,n/a,n/a,Capital Goods,Auto Manufacturing,http://www.nasdaq.com/symbol/tttm,,
AXN,"China Aoxing Pharmaceutical Company, Inc.",0.23,11377870,n/a,n/a,Consumer Durables,Major Pharmaceuticals,http://www.nasdaq.com/symbol/axn,,
NTN,"NTN Buzztime, Inc.",0.16,11359680,n/a,n/a,Consumer Services,Broadcasting,http://www.nasdaq.com/symbol/ntn,,
IFMI,"Institutional Financial Markets, Inc.",0.88,11205920,n/a,n/a,Finance,Investment Bankers/Brokers/Service,http://www.nasdaq.com/symbol/ifmi,,
NEWN,New Energy Systems Group.,0.72,10477440,n/a,n/a,Energy,Industrial Machinery/Components,http://www.nasdaq.com/symbol/newn,,
WIS^,Wisconsin Power & Light Co.,104.63,10463000,n/a,n/a,Public Utilities,Power Generation,http://www.nasdaq.com/symbol/wis^,,
PCG^C,Pacific Gas & Electric Co.,25.57,10228000,n/a,n/a,n/a,n/a,http://www.nasdaq.com/symbol/pcg^c,,
SIHI,"SinoHub, Inc",0.3,10036500,n/a,n/a,Consumer Non-Durables,Electronic Components,http://www.nasdaq.com/symbol/sihi,,
UPG,Universal Power Group Inc,1.99,9989800,n/a,2006,Consumer Non-Durables,Telecommunications Equipment,http://www.nasdaq.com/symbol/upg,,
CRV,"Coast Distribution System, Inc. (The)",2.02,9956580,n/a,n/a,Capital Goods,Automotive Aftermarket,http://www.nasdaq.com/symbol/crv,,
SSY,"SunLink Health Systems, Inc.",1.05,9920400,n/a,n/a,Health Care,Hospital/Nursing Management,http://www.nasdaq.com/symbol/ssy,,
PCG^I,Pacific Gas & Electric Co.,23.72,9914960,n/a,n/a,n/a,n/a,http://www.nasdaq.com/symbol/pcg^i,,
TIK,Tel-Instrument Electronics Corp.,3.65,9796600,n/a,n/a,Capital Goods,Electrical Products,http://www.nasdaq.com/symbol/tik,,
TOF,Tofutti Brands Inc.,1.79,9225660,n/a,n/a,Consumer Non-Durables,Specialty Foods,http://www.nasdaq.com/symbol/tof,,
MGT,MGT Capital Investments Inc,4.33,9114650,n/a,n/a,Technology,Computer Software: Prepackaged Software,http://www.nasdaq.com/symbol/mgt,,
JOB,"General Employment Enterprises, Inc.",0.42,9114000,n/a,n/a,Technology,Diversified Commercial Services,http://www.nasdaq.com/symbol/job,,
IOT,Income Opportunity Realty Trust,2.15,8961200,n/a,n/a,Consumer Services,Real Estate Investment Trusts,http://www.nasdaq.com/symbol/iot,,
EVI,"EnviroStarm, Inc.",1.26,8862840,n/a,n/a,Consumer Services,Other Consumer Services,http://www.nasdaq.com/symbol/evi,,
SDO^A,San Diego Gas & Electric Company,23.5,8812500,n/a,n/a,n/a,n/a,http://www.nasdaq.com/symbol/sdo^a,,
HRT,Arrhythmia Research Technology Inc.,2.9,8093900,n/a,n/a,Health Care,Biotechnology: Electromedical & Electrotherapeutic Apparatus,http://www.nasdaq.com/symbol/hrt,,
DPW,Digital Power Corporation,1.18,8083000,n/a,n/a,Capital Goods,Industrial Machinery/Components,http://www.nasdaq.com/symbol/dpw,,
CRC,"Chromcraft Revington, Inc.",1.2197,7910974.2,n/a,1992,Consumer Durables,Home Furnishings,http://www.nasdaq.com/symbol/crc,,
RCG,"Renaissance Capital Growth & Income Fund III, Inc.",1.75,7812000,n/a,n/a,n/a,n/a,http://www.nasdaq.com/symbol/rcg,,
CNAM,"China Armco Metals, Inc.",0.455,7797335,n/a,n/a,Consumer Durables,Steel/Iron Ore,http://www.nasdaq.com/symbol/cnam,,
BDR,"Blonder Tongue Laboratories, Inc.",1.18,7334880,n/a,1995,Technology,Radio And Television Broadcasting And Communications Equipment,http://www.nasdaq.com/symbol/bdr,,
GPR,GeoPetro Resources Co,0.1601,7245005.3,n/a,n/a,Energy,Oil & Gas Production,http://www.nasdaq.com/symbol/gpr,,
GOK,"Geokinetics, Inc.",0.37,7026300,n/a,n/a,Energy,Oil & Gas Production,http://www.nasdaq.com/symbol/gok,,
SDO^B,San Diego Gas & Electric Company,22.27,6681000,n/a,n/a,n/a,n/a,http://www.nasdaq.com/symbol/sdo^b,,
SDO^C,San Diego Gas & Electric Company,20.5,6662500,n/a,n/a,n/a,n/a,http://www.nasdaq.com/symbol/sdo^c,,
HMG,"HMG/Courtland Properties, Inc.",5.24,5292400,n/a,n/a,Consumer Services,Real Estate Investment Trusts,http://www.nasdaq.com/symbol/hmg,,
IPT,iParty Corporation,0.21,5127780,n/a,n/a,Consumer Services,Other Specialty Stores,http://www.nasdaq.com/symbol/ipt,,
TRT,Trio-Tech International,1.45,4816900,n/a,1984,Technology,Industrial Machinery/Components,http://www.nasdaq.com/symbol/trt,,
TIV,Tri-Valley Corporation,0.0599,4074038.6,n/a,n/a,Energy,Oil & Gas Production,http://www.nasdaq.com/symbol/tiv,,
BMJ,Birks & Mayors Inc.,1,3673000,n/a,n/a,Consumer Services,Consumer Specialties,http://www.nasdaq.com/symbol/bmj,,
SSE,Southern Connecticut Bancorp Inc,1.34,3664900,n/a,n/a,Finance,Major Banks,http://www.nasdaq.com/symbol/sse,,
ENA,Enova Systems Inc.,0.0798,3536496.6,n/a,n/a,Capital Goods,Electrical Products,http://www.nasdaq.com/symbol/ena,,
NEN,New England Realty Associates Limited Partnership,27,2835000,n/a,n/a,Consumer Services,Building operators,http://www.nasdaq.com/symbol/nen,,
WEX,"Winland Electronics, Inc.",0.75,2776500,n/a,n/a,Capital Goods,Industrial Machinery/Components,http://www.nasdaq.com/symbol/wex,,
OBT,Orbital Corporation Limited,3.6,2170800,n/a,n/a,Miscellaneous,Multi-Sector Companies,http://www.nasdaq.com/symbol/obt,,
GBR,"New Concept Energy, Inc",1.1,2141700,n/a,n/a,Energy,Oil & Gas Production,http://www.nasdaq.com/symbol/gbr,,
CRMD,CorMedix Inc,0.18,2053440,n/a,n/a,Consumer Durables,Major Pharmaceuticals,http://www.nasdaq.com/symbol/crmd,,
FFI,"Fortune Diversified Industries, Inc.",0.1501,1844278.7,n/a,1983,Consumer Services,Telecommunications Equipment,http://www.nasdaq.com/symbol/ffi,,
ATC,ATC Venture Group Inc.,0.141,999831,n/a,1986,Capital Goods,Auto Parts:O.E.M.,http://www.nasdaq.com/symbol/atc,,
AQ            ,Acquity Group Limited,9.11,0,n/a,n/a,Miscellaneous,Business Services,http://www.nasdaq.com/symbol/aq            ,,
ARR/WS,Armour Residential R,0.019,0,n/a,n/a,n/a,n/a,http://www.nasdaq.com/symbol/arr/ws,,
CRMD/WS,CorMedix Inc,0.025,0,n/a,n/a,n/a,n/a,http://www.nasdaq.com/symbol/crmd/ws,,
ETUA,eUnits 2 Year U.S. Market Participation Trust,10.15,0,n/a,n/a,n/a,n/a,http://www.nasdaq.com/symbol/etua,,
ETUB,eUnits 2 Year U.S. Market Participation Trust,11,0,n/a,n/a,n/a,n/a,http://www.nasdaq.com/symbol/etub,,
EPM^A,"Evolution Petroleum Corporation, Inc.",27.95,0,n/a,n/a,n/a,n/a,http://www.nasdaq.com/symbol/epm^a,,
FPP/WS,FieldPoint Petroleum Corporation,0.66,0,n/a,n/a,n/a,n/a,http://www.nasdaq.com/symbol/fpp/ws,,
GST^A,Gastar Exploration,18.97,0,n/a,n/a,n/a,n/a,http://www.nasdaq.com/symbol/gst^a,,
IBO,IBO (Listing Market - NYSE Amex Network B F),n/a,0,n/a,n/a,n/a,n/a,http://www.nasdaq.com/symbol/ibo,,
IGC/U,India Globalization Capital Inc.,0.26,0,n/a,n/a,n/a,n/a,http://www.nasdaq.com/symbol/igc/u,,
IGC/WS,India Globalization Capital Inc.,0.0194,0,n/a,n/a,n/a,n/a,http://www.nasdaq.com/symbol/igc/ws,,
MHR^C,Magnum Hunter Resources Corporation,25.7,0,n/a,n/a,n/a,n/a,http://www.nasdaq.com/symbol/mhr^c,,
MHR^D,Magnum Hunter Resources Corporation,43.95,0,n/a,n/a,n/a,n/a,http://www.nasdaq.com/symbol/mhr^d,,
MDGN/WS,"Medgenics, Inc.",2.25,0,n/a,n/a,n/a,n/a,http://www.nasdaq.com/symbol/mdgn/ws,,
NBS/WS,"Neostem, Inc.",0.006,0,n/a,n/a,n/a,n/a,http://www.nasdaq.com/symbol/nbs/ws,,
NCQ,NovaCopper Inc.,2,0,n/a,n/a,Basic Industries,Precious Metals,http://www.nasdaq.com/symbol/ncq,,
NFZ^C,Nuveen Arizona Dividend Advantage Municipal Fund,10.08,0,n/a,n/a,n/a,n/a,http://www.nasdaq.com/symbol/nfz^c,,
NZX^C,Nuveen Georgia Dividend Advantage Municipal Fund,10.05,0,n/a,n/a,n/a,n/a,http://www.nasdaq.com/symbol/nzx^c,,
NMB^C,Nuveen Massachusetts Dividend Advantage Municipal Fund,10.1,0,n/a,n/a,n/a,n/a,http://www.nasdaq.com/symbol/nmb^c,,
NZW^C,Nuveen Michigan Dividend Advantage Municipal Fund,10.05,0,n/a,n/a,n/a,n/a,http://www.nasdaq.com/symbol/nzw^c,,
NXI^D,Nuveen Ohio Dividend Advantage Municipal Fund,10.15,0,n/a,n/a,n/a,n/a,http://www.nasdaq.com/symbol/nxi^d,,
NBJ^A,Nuveen Ohio Dividend Advantage Municipal Fund 2,10.12,0,n/a,n/a,n/a,n/a,http://www.nasdaq.com/symbol/nbj^a,,
NVJ^A,Nuveen Ohio Dividend Advantage Municipal Fund 3,10.1,0,n/a,n/a,n/a,n/a,http://www.nasdaq.com/symbol/nvj^a,,
IDI/U,SearchMedia Holdings Limited,3.5,0,n/a,n/a,n/a,n/a,http://www.nasdaq.com/symbol/idi/u,,
IDI/WS,SearchMedia Holdings Limited,0.08,0,n/a,n/a,n/a,n/a,http://www.nasdaq.com/symbol/idi/ws,,
WWZ^K,SiM Internal Test 10,n/a,0,n/a,n/a,n/a,n/a,http://www.nasdaq.com/symbol/wwz^k,,
MMZ^K,SiM Internal Test 6,n/a,0,n/a,n/a,n/a,n/a,http://www.nasdaq.com/symbol/mmz^k,,
OOZ^K,SiM Internal Test 7,n/a,0,n/a,n/a,n/a,n/a,http://www.nasdaq.com/symbol/ooz^k,,
QQZ^K,SiM Internal Test 8,n/a,0,n/a,n/a,n/a,n/a,http://www.nasdaq.com/symbol/qqz^k,,
SS^K,SiM Internal Test 9,n/a,0,n/a,n/a,n/a,n/a,http://www.nasdaq.com/symbol/ss^k,,
ZXX,SM Listed Test 3,n/a,0,n/a,n/a,n/a,n/a,http://www.nasdaq.com/symbol/zxx,,
ZXX^F,SM Listed Test 3,n/a,0,n/a,n/a,n/a,n/a,http://www.nasdaq.com/symbol/zxx^f,,
TTTM/WS/W,T3 Motion Inc,n/a,0,n/a,n/a,n/a,n/a,http://www.nasdaq.com/symbol/tttm/ws/w,,
TTTM/WS/Z,T3 Motion Inc,n/a,0,n/a,n/a,n/a,n/a,http://www.nasdaq.com/symbol/tttm/ws/z,,
TLB/WS,"Talbots, Inc. (The)",0.0049,0,n/a,n/a,n/a,n/a,http://www.nasdaq.com/symbol/tlb/ws,,
TWO/WS,Two Harbors Investments Corp,0.19,0,n/a,n/a,n/a,n/a,http://www.nasdaq.com/symbol/two/ws,,
VRNG/WS,"Vringo, Inc.",0.96,0,n/a,n/a,n/a,n/a,http://www.nasdaq.com/symbol/vrng/ws,,
